Image,Predicted Category
0.jpg,travel
1000.jpg,fashion
1003.jpg,art
1004.jpg,products
1006.jpg,lifestyle
1007.jpg,fashion
1008.jpg,products
1014.jpg,products
1016.jpg,events
1019.jpg,art
102.jpg,quotes
1021.jpg,art
1022.jpg,food
1023.jpg,food
1024.jpg,lifestyle
1025.jpg,fashion
1029.jpg,lifestyle
1030.jpg,group photo
1033.jpg,group photo
1034.jpg,art
1035.jpg,art
1038.jpg,art
1039.jpg,selfie
1041.jpg,lifestyle
1043.jpg,food
1047.jpg,events
1050.jpg,events
1051.jpg,products
1052.jpg,products
1053.jpg,art
1059.jpg,fashion
1065.jpg,fashion
1067.jpg,fashion
1068.jpg,beauty
1074.jpg,fashion
1083.jpg,fashion
1091.jpg,fashion
1092.jpg,fashion
1094.jpg,fashion
1096.jpg,beauty
1098.jpg,fashion
1099.jpg,fashion
11.jpg,fashion
1100.jpg,fashion
1107.jpg,fashion
1110.jpg,fashion
1111.jpg,fashion
1115.jpg,beauty
1118.jpg,beauty
1120.jpg,fashion
1122.jpg,products
1123.jpg,beauty
1126.jpg,fashion
1129.jpg,fashion
1130.jpg,quotes
1132.jpg,fashion
1136.jpg,fashion
1137.jpg,fashion
1139.jpg,fashion
1142.jpg,quotes
116.jpg,travel
1160.jpg,food
1163.jpg,fashion
1166.jpg,travel
1172.jpg,travel
1176.jpg,fitness
1178.jpg,travel
1185.jpg,travel
1187.jpg,fashion
1198.jpg,nature
1201.jpg,fashion
1204.jpg,fashion
1206.jpg,selfie
1207.jpg,art
1223.jpg,travel
1224.jpg,travel
1226.jpg,fitness
123.jpg,products
1233.jpg,travel
1245.jpg,travel
1246.jpg,fashion
1255.jpg,fashion
1257.jpg,technology
1260.jpg,fashion
1261.jpg,fashion
1262.jpg,fashion
1263.jpg,products
1265.jpg,fashion
1267.jpg,products
1268.jpg,fashion
1271.jpg,fashion
1274.jpg,beauty
1278.jpg,lifestyle
1280.jpg,nature
1282.jpg,travel
1293.jpg,art
1296.jpg,beauty
1300.jpg,art
1304.jpg,art
1307.jpg,fashion
1310.jpg,products
1317.jpg,food
1322.jpg,lifestyle
1325.jpg,events
1326.jpg,fashion
1328.jpg,beauty
1331.jpg,group photo
1332.jpg,technology
1341.jpg,lifestyle
1347.jpg,travel
1348.jpg,fashion
1350.jpg,nature
1351.jpg,fashion
1354.jpg,events
1355.jpg,beauty
1356.jpg,quotes
1359.jpg,fashion
1361.jpg,fashion
1363.jpg,lifestyle
1364.jpg,products
1367.jpg,lifestyle
1368.jpg,art
1370.jpg,art
1371.jpg,art
1372.jpg,art
1373.jpg,art
1376.jpg,quotes
1378.jpg,products
1381.jpg,group photo
1382.jpg,group photo
1385.jpg,art
1386.jpg,quotes
1388.jpg,technology
1389.jpg,lifestyle
1390.jpg,art
1392.jpg,group photo
1393.jpg,art
1394.jpg,group photo
1395.jpg,art
1396.jpg,group photo
1397.jpg,group photo
1399.jpg,events
140.jpg,nature
1400.jpg,art
1402.jpg,group photo
1403.jpg,events
1406.jpg,group photo
1407.jpg,fashion
1409.jpg,lifestyle
1411.jpg,art
1412.jpg,travel
1415.jpg,art
1416.jpg,food
1417.jpg,art
1421.jpg,lifestyle
1423.jpg,art
1425.jpg,travel
1426.jpg,events
1427.jpg,group photo
1432.jpg,quotes
1433.jpg,fashion
1434.jpg,art
1437.jpg,fashion
1438.jpg,events
1439.jpg,travel
1442.jpg,fashion
1443.jpg,fashion
1444.jpg,lifestyle
1446.jpg,fashion
1447.jpg,group photo
1448.jpg,events
1449.jpg,art
1450.jpg,events
1451.jpg,lifestyle
1452.jpg,lifestyle
1453.jpg,quotes
1457.jpg,quotes
1458.jpg,events
1459.jpg,events
1461.jpg,lifestyle
1463.jpg,art
1464.jpg,quotes
1467.jpg,fashion
1468.jpg,products
1471.jpg,art
1472.jpg,fashion
1474.jpg,events
1475.jpg,pets
1476.jpg,group photo
1479.jpg,fashion
1480.jpg,fashion
1482.jpg,fashion
1483.jpg,fashion
1484.jpg,group photo
1485.jpg,fashion
1486.jpg,selfie
1487.jpg,travel
1488.jpg,events
1489.jpg,group photo
149.jpg,quotes
1490.jpg,travel
1491.jpg,lifestyle
1492.jpg,travel
1493.jpg,fashion
1495.jpg,beauty
1499.jpg,beauty
150.jpg,fashion
1500.jpg,fashion
1502.jpg,group photo
1503.jpg,fashion
1504.jpg,group photo
1505.jpg,group photo
1506.jpg,fashion
1507.jpg,fashion
1509.jpg,food
1511.jpg,fashion
1512.jpg,technology
1513.jpg,fitness
1514.jpg,events
1516.jpg,fashion
1517.jpg,events
1518.jpg,food
1519.jpg,group photo
1521.jpg,fashion
1523.jpg,fashion
1524.jpg,fashion
1525.jpg,fashion
1526.jpg,travel
1527.jpg,selfie
1528.jpg,selfie
1529.jpg,fitness
1530.jpg,travel
1531.jpg,travel
1532.jpg,travel
1533.jpg,lifestyle
1534.jpg,travel
1535.jpg,group photo
1536.jpg,selfie
1537.jpg,group photo
1538.jpg,travel
1540.jpg,fashion
1541.jpg,food
1542.jpg,travel
1543.jpg,fashion
1544.jpg,food
1545.jpg,selfie
1546.jpg,fashion
1547.jpg,fashion
1553.jpg,beauty
1556.jpg,selfie
1557.jpg,fashion
1558.jpg,selfie
1560.jpg,events
1562.jpg,selfie
1565.jpg,events
1566.jpg,group photo
1568.jpg,events
1570.jpg,group photo
1576.jpg,quotes
1582.jpg,beauty
1586.jpg,group photo
1588.jpg,products
1593.jpg,fashion
1594.jpg,quotes
1597.jpg,fashion
1601.jpg,group photo
1602.jpg,quotes
1603.jpg,selfie
1605.jpg,events
1606.jpg,fashion
1607.jpg,events
1608.jpg,group photo
1609.jpg,group photo
1614.jpg,fashion
1616.jpg,selfie
1618.jpg,selfie
1620.jpg,quotes
1621.jpg,nature
1624.jpg,lifestyle
1625.jpg,group photo
1627.jpg,fashion
1628.jpg,travel
1629.jpg,events
1632.jpg,art
1634.jpg,beauty
1635.jpg,fashion
1637.jpg,art
1638.jpg,beauty
1641.jpg,events
1642.jpg,nature
1643.jpg,beauty
1645.jpg,fashion
1646.jpg,group photo
1647.jpg,fashion
1648.jpg,selfie
1649.jpg,group photo
1650.jpg,art
1651.jpg,fitness
1653.jpg,selfie
1655.jpg,group photo
1656.jpg,fashion
1657.jpg,products
1661.jpg,travel
1663.jpg,food
1664.jpg,group photo
1665.jpg,products
1666.jpg,travel
1667.jpg,group photo
1668.jpg,food
1670.jpg,group photo
1672.jpg,events
1674.jpg,events
1686.jpg,quotes
1687.jpg,travel
1695.jpg,quotes
1699.jpg,group photo
1701.jpg,group photo
1706.jpg,events
1707.jpg,events
1708.jpg,fashion
1709.jpg,food
1710.jpg,food
1713.jpg,selfie
1714.jpg,group photo
1718.jpg,beauty
1720.jpg,group photo
1721.jpg,beauty
1722.jpg,fashion
1723.jpg,events
1724.jpg,selfie
1726.jpg,fashion
1727.jpg,quotes
1728.jpg,group photo
1731.jpg,group photo
1733.jpg,beauty
1734.jpg,fashion
1735.jpg,fashion
1736.jpg,travel
1737.jpg,travel
1738.jpg,selfie
1739.jpg,art
1741.jpg,group photo
1742.jpg,events
1743.jpg,travel
1744.jpg,travel
1745.jpg,beauty
1746.jpg,events
1751.jpg,selfie
1759.jpg,group photo
1760.jpg,art
1762.jpg,events
1763.jpg,events
1764.jpg,products
1765.jpg,events
1766.jpg,quotes
1767.jpg,group photo
1768.jpg,group photo
1769.jpg,beauty
1771.jpg,group photo
1772.jpg,art
1773.jpg,events
1774.jpg,art
1776.jpg,events
1777.jpg,products
1779.jpg,events
1785.jpg,quotes
1787.jpg,art
181.jpg,events
1816.jpg,beauty
1835.jpg,group photo
1838.jpg,selfie
1846.jpg,quotes
1850.jpg,fashion
1852.jpg,travel
1880.jpg,pets
1892.jpg,events
1893.jpg,travel
1897.jpg,travel
1898.jpg,lifestyle
1899.jpg,lifestyle
19.jpg,travel
1902.jpg,quotes
1903.jpg,quotes
1904.jpg,selfie
1905.jpg,selfie
1906.jpg,lifestyle
1907.jpg,group photo
1911.jpg,art
1912.jpg,group photo
1916.jpg,travel
1919.jpg,quotes
192.jpg,products
1920.jpg,fashion
1921.jpg,events
1922.jpg,events
1923.jpg,group photo
1924.jpg,travel
1925.jpg,group photo
1927.jpg,fitness
1929.jpg,quotes
1930.jpg,quotes
1931.jpg,group photo
1932.jpg,fashion
1935.jpg,lifestyle
1936.jpg,selfie
1937.jpg,fashion
1938.jpg,group photo
1939.jpg,lifestyle
194.jpg,events
1940.jpg,group photo
1941.jpg,events
1942.jpg,selfie
1943.jpg,selfie
1945.jpg,art
1948.jpg,events
1951.jpg,group photo
1953.jpg,art
1954.jpg,fashion
1956.jpg,events
1957.jpg,fashion
1958.jpg,art
1959.jpg,group photo
1960.jpg,lifestyle
1961.jpg,group photo
1962.jpg,lifestyle
1963.jpg,quotes
1964.jpg,travel
1966.jpg,quotes
1967.jpg,beauty
1969.jpg,group photo
1970.jpg,selfie
1972.jpg,group photo
1973.jpg,lifestyle
1976.jpg,group photo
1977.jpg,art
1978.jpg,fashion
1979.jpg,quotes
198.jpg,art
1980.jpg,group photo
1981.jpg,food
1983.jpg,quotes
1984.jpg,fashion
1986.jpg,events
1987.jpg,technology
1988.jpg,group photo
1989.jpg,events
199.jpg,fashion
1990.jpg,travel
1991.jpg,beauty
1992.jpg,quotes
1995.jpg,art
1996.jpg,quotes
1997.jpg,lifestyle
1999.jpg,fashion
2.jpg,fashion
20.jpg,events
200.jpg,fashion
2000.jpg,fashion
2001.jpg,quotes
2002.jpg,group photo
2003.jpg,group photo
2004.jpg,events
2005.jpg,fashion
2006.jpg,events
2008.jpg,art
2009.jpg,art
2011.jpg,art
2012.jpg,art
2013.jpg,group photo
2016.jpg,art
2017.jpg,pets
2019.jpg,events
2020.jpg,fashion
2021.jpg,travel
2023.jpg,fashion
2024.jpg,group photo
2025.jpg,travel
2026.jpg,fashion
2028.jpg,lifestyle
2029.jpg,art
2030.jpg,nature
2032.jpg,group photo
2034.jpg,group photo
2035.jpg,group photo
2036.jpg,group photo
2037.jpg,lifestyle
204.jpg,fashion
2040.jpg,art
2042.jpg,lifestyle
2043.jpg,fitness
2044.jpg,travel
2047.jpg,fashion
2052.jpg,events
2054.jpg,group photo
2055.jpg,fashion
2058.jpg,lifestyle
2059.jpg,fashion
206.jpg,food
2060.jpg,lifestyle
2062.jpg,art
2063.jpg,art
2064.jpg,fashion
2065.jpg,art
2067.jpg,lifestyle
2068.jpg,group photo
2069.jpg,lifestyle
207.jpg,pets
2070.jpg,products
2074.jpg,art
2075.jpg,travel
2076.jpg,lifestyle
2077.jpg,fashion
2078.jpg,quotes
2079.jpg,fashion
2082.jpg,travel
2083.jpg,technology
2084.jpg,travel
2085.jpg,group photo
2087.jpg,lifestyle
2089.jpg,art
2093.jpg,fitness
2094.jpg,events
2095.jpg,fashion
2096.jpg,fashion
2099.jpg,travel
21.jpg,quotes
210.jpg,group photo
2100.jpg,events
2101.jpg,selfie
2103.jpg,events
2104.jpg,fashion
2105.jpg,art
2106.jpg,art
2109.jpg,art
211.jpg,food
2110.jpg,group photo
2113.jpg,group photo
2114.jpg,events
2116.jpg,pets
2123.jpg,selfie
2128.jpg,fashion
2129.jpg,fashion
2134.jpg,events
2135.jpg,quotes
2136.jpg,group photo
2139.jpg,fashion
214.jpg,fashion
2141.jpg,quotes
2142.jpg,nature
2143.jpg,selfie
2154.jpg,technology
2156.jpg,nature
2158.jpg,selfie
216.jpg,beauty
2163.jpg,group photo
2164.jpg,group photo
217.jpg,fitness
2171.jpg,products
2173.jpg,travel
2176.jpg,travel
2181.jpg,art
2186.jpg,lifestyle
219.jpg,products
2192.jpg,fashion
2193.jpg,travel
2194.jpg,products
2198.jpg,products
22.jpg,events
220.jpg,beauty
2200.jpg,lifestyle
2203.jpg,art
2205.jpg,art
2214.jpg,events
2216.jpg,art
222.jpg,group photo
2222.jpg,products
2227.jpg,selfie
2232.jpg,group photo
2245.jpg,fashion
2246.jpg,fashion
2247.jpg,products
2248.jpg,selfie
2249.jpg,beauty
225.jpg,fashion
2251.jpg,selfie
2252.jpg,fashion
2253.jpg,events
2260.jpg,beauty
2265.jpg,fashion
2267.jpg,beauty
2268.jpg,events
2269.jpg,products
227.jpg,pets
2272.jpg,products
2274.jpg,fashion
2276.jpg,travel
2277.jpg,fashion
2278.jpg,fashion
2282.jpg,group photo
2286.jpg,travel
2287.jpg,beauty
229.jpg,selfie
2290.jpg,fitness
2293.jpg,fitness
2296.jpg,quotes
23.jpg,group photo
2301.jpg,fitness
2305.jpg,events
2309.jpg,products
231.jpg,art
2317.jpg,selfie
2319.jpg,fashion
2322.jpg,events
2324.jpg,art
2325.jpg,art
2327.jpg,travel
2329.jpg,events
2330.jpg,lifestyle
2331.jpg,travel
2333.jpg,art
2338.jpg,selfie
2340.jpg,travel
2341.jpg,quotes
2345.jpg,quotes
2346.jpg,events
2347.jpg,quotes
2348.jpg,events
2350.jpg,travel
2353.jpg,art
2354.jpg,quotes
2355.jpg,quotes
2356.jpg,quotes
2363.jpg,products
2365.jpg,quotes
2367.jpg,products
2368.jpg,quotes
2379.jpg,events
2383.jpg,quotes
2390.jpg,food
2393.jpg,quotes
2394.jpg,travel
2397.jpg,quotes
24.jpg,group photo
2401.jpg,travel
2403.jpg,fashion
2405.jpg,art
2407.jpg,events
2408.jpg,events
2410.jpg,events
2411.jpg,art
2412.jpg,events
2416.jpg,quotes
2417.jpg,events
242.jpg,art
2425.jpg,quotes
2436.jpg,events
2437.jpg,art
2448.jpg,quotes
2451.jpg,events
2455.jpg,events
2456.jpg,quotes
2459.jpg,travel
2460.jpg,quotes
2462.jpg,fashion
2465.jpg,beauty
2466.jpg,travel
2467.jpg,travel
2470.jpg,beauty
2471.jpg,selfie
2472.jpg,travel
2473.jpg,beauty
2474.jpg,fashion
2477.jpg,beauty
2483.jpg,fashion
2484.jpg,group photo
2485.jpg,fashion
2486.jpg,group photo
2487.jpg,nature
2490.jpg,events
2491.jpg,lifestyle
2492.jpg,beauty
2493.jpg,fashion
2494.jpg,selfie
2495.jpg,group photo
2497.jpg,fashion
2498.jpg,fashion
2499.jpg,fashion
25.jpg,travel
2501.jpg,beauty
2502.jpg,fashion
2504.jpg,fitness
2508.jpg,selfie
2509.jpg,selfie
251.jpg,products
2510.jpg,lifestyle
2513.jpg,art
2515.jpg,lifestyle
2516.jpg,beauty
2517.jpg,quotes
2522.jpg,selfie
2523.jpg,events
2527.jpg,travel
2529.jpg,travel
2533.jpg,fashion
2534.jpg,travel
2535.jpg,travel
254.jpg,events
2542.jpg,fashion
2545.jpg,nature
2548.jpg,selfie
2549.jpg,selfie
2550.jpg,fashion
2552.jpg,events
2555.jpg,beauty
2557.jpg,group photo
2558.jpg,fashion
2563.jpg,beauty
2564.jpg,beauty
2567.jpg,beauty
2572.jpg,nature
2581.jpg,beauty
2586.jpg,fitness
2589.jpg,beauty
2590.jpg,art
2592.jpg,fashion
2593.jpg,art
2595.jpg,beauty
2597.jpg,events
2598.jpg,art
260.jpg,selfie
2601.jpg,pets
2608.jpg,beauty
2615.jpg,selfie
2621.jpg,selfie
2623.jpg,fashion
2624.jpg,selfie
263.jpg,quotes
2632.jpg,travel
2634.jpg,beauty
2635.jpg,selfie
2636.jpg,lifestyle
264.jpg,fitness
2643.jpg,beauty
2648.jpg,travel
2653.jpg,travel
2654.jpg,travel
2656.jpg,food
2657.jpg,travel
2658.jpg,selfie
2659.jpg,nature
2660.jpg,events
2663.jpg,travel
2670.jpg,technology
2671.jpg,nature
2672.jpg,selfie
2674.jpg,fitness
2677.jpg,group photo
2678.jpg,selfie
2679.jpg,fashion
2684.jpg,products
2686.jpg,fashion
2689.jpg,fashion
269.jpg,group photo
2694.jpg,events
2696.jpg,fashion
2698.jpg,fashion
2699.jpg,fashion
2702.jpg,fashion
2703.jpg,fashion
2704.jpg,fashion
2708.jpg,food
2712.jpg,fashion
2713.jpg,fashion
2715.jpg,group photo
2722.jpg,selfie
2725.jpg,beauty
2728.jpg,events
2729.jpg,quotes
2730.jpg,group photo
2732.jpg,fashion
2733.jpg,fashion
2734.jpg,quotes
2739.jpg,events
2745.jpg,fashion
2748.jpg,fashion
275.jpg,fitness
2753.jpg,beauty
2758.jpg,events
2762.jpg,fashion
277.jpg,fashion
2776.jpg,fashion
2781.jpg,quotes
2785.jpg,travel
2786.jpg,group photo
2787.jpg,fitness
2789.jpg,fitness
2791.jpg,events
2792.jpg,technology
2793.jpg,group photo
2794.jpg,events
2795.jpg,events
2796.jpg,fashion
2797.jpg,fashion
2798.jpg,lifestyle
2799.jpg,events
28.jpg,events
2800.jpg,technology
2802.jpg,lifestyle
2803.jpg,selfie
2804.jpg,technology
2805.jpg,art
2806.jpg,food
2808.jpg,fashion
2811.jpg,group photo
2812.jpg,lifestyle
2813.jpg,events
2814.jpg,beauty
2815.jpg,group photo
2816.jpg,nature
2817.jpg,art
2818.jpg,travel
2819.jpg,group photo
2820.jpg,group photo
2821.jpg,art
2822.jpg,group photo
2823.jpg,lifestyle
2824.jpg,art
2825.jpg,travel
2826.jpg,lifestyle
2828.jpg,travel
2829.jpg,travel
2830.jpg,art
2831.jpg,travel
2832.jpg,lifestyle
2833.jpg,fashion
2834.jpg,group photo
2835.jpg,travel
2836.jpg,art
2839.jpg,technology
284.jpg,lifestyle
2840.jpg,events
2841.jpg,lifestyle
2843.jpg,events
2844.jpg,food
2845.jpg,art
2847.jpg,lifestyle
2848.jpg,travel
2850.jpg,lifestyle
2851.jpg,fashion
2852.jpg,travel
2853.jpg,products
2855.jpg,travel
2856.jpg,products
2860.jpg,food
2861.jpg,fitness
2863.jpg,selfie
2864.jpg,art
2867.jpg,lifestyle
2868.jpg,events
2869.jpg,group photo
2870.jpg,travel
2871.jpg,travel
2872.jpg,food
2873.jpg,art
2877.jpg,events
2880.jpg,events
2881.jpg,lifestyle
2882.jpg,fashion
2883.jpg,products
2884.jpg,quotes
2885.jpg,events
2886.jpg,fashion
2887.jpg,fashion
2888.jpg,group photo
2889.jpg,fashion
2890.jpg,nature
2892.jpg,events
2893.jpg,events
2894.jpg,products
2895.jpg,art
2896.jpg,art
2897.jpg,nature
2898.jpg,lifestyle
2899.jpg,events
2902.jpg,nature
2903.jpg,products
2907.jpg,art
2908.jpg,products
2909.jpg,events
2910.jpg,fashion
2912.jpg,events
2914.jpg,travel
2918.jpg,fashion
2919.jpg,art
292.jpg,food
2921.jpg,selfie
2922.jpg,fashion
2923.jpg,travel
2924.jpg,travel
2925.jpg,technology
2926.jpg,selfie
2929.jpg,group photo
2930.jpg,selfie
2931.jpg,fashion
2932.jpg,art
2933.jpg,art
2934.jpg,quotes
2936.jpg,products
294.jpg,quotes
2940.jpg,art
2941.jpg,fashion
2943.jpg,travel
2945.jpg,technology
2947.jpg,lifestyle
2948.jpg,technology
2952.jpg,technology
2956.jpg,art
2957.jpg,art
2958.jpg,art
2959.jpg,group photo
296.jpg,fashion
2960.jpg,technology
2962.jpg,selfie
2967.jpg,art
2968.jpg,quotes
2969.jpg,art
297.jpg,quotes
2970.jpg,art
2971.jpg,events
2972.jpg,art
2973.jpg,fashion
2974.jpg,quotes
2976.jpg,quotes
2977.jpg,art
2978.jpg,fashion
2979.jpg,lifestyle
2981.jpg,lifestyle
2982.jpg,art
2983.jpg,fashion
2985.jpg,lifestyle
2986.jpg,pets
2987.jpg,travel
2991.jpg,group photo
2993.jpg,lifestyle
2994.jpg,events
2995.jpg,lifestyle
2996.jpg,fashion
30.jpg,lifestyle
3004.jpg,fashion
3005.jpg,art
3006.jpg,selfie
3007.jpg,beauty
3008.jpg,products
3009.jpg,nature
3012.jpg,travel
3013.jpg,nature
3014.jpg,group photo
3015.jpg,nature
3019.jpg,art
302.jpg,group photo
3022.jpg,travel
3023.jpg,lifestyle
3024.jpg,art
3030.jpg,art
3031.jpg,beauty
3035.jpg,art
3036.jpg,nature
3037.jpg,quotes
3038.jpg,nature
3039.jpg,quotes
3040.jpg,nature
3041.jpg,art
3042.jpg,quotes
3043.jpg,products
3044.jpg,art
3045.jpg,art
3046.jpg,beauty
3057.jpg,pets
3062.jpg,selfie
3063.jpg,selfie
3064.jpg,art
3065.jpg,art
3067.jpg,travel
3068.jpg,beauty
3069.jpg,travel
3070.jpg,travel
3071.jpg,nature
3072.jpg,travel
3075.jpg,selfie
3077.jpg,selfie
308.jpg,nature
3080.jpg,beauty
3083.jpg,beauty
3084.jpg,events
3085.jpg,pets
3086.jpg,food
3087.jpg,pets
3089.jpg,selfie
309.jpg,travel
3093.jpg,pets
3096.jpg,fitness
3097.jpg,pets
3101.jpg,selfie
3103.jpg,group photo
3104.jpg,travel
3105.jpg,group photo
3106.jpg,art
3107.jpg,lifestyle
3109.jpg,group photo
3111.jpg,events
3112.jpg,events
3113.jpg,selfie
3115.jpg,art
3116.jpg,group photo
3117.jpg,technology
312.jpg,fitness
3120.jpg,group photo
3122.jpg,fashion
3123.jpg,beauty
3124.jpg,fashion
3125.jpg,products
3127.jpg,group photo
3130.jpg,selfie
3131.jpg,fashion
3135.jpg,beauty
3138.jpg,art
314.jpg,travel
3140.jpg,selfie
3141.jpg,selfie
3142.jpg,fashion
3144.jpg,fashion
3145.jpg,art
3146.jpg,group photo
3148.jpg,events
3150.jpg,fashion
3153.jpg,products
3155.jpg,fashion
3158.jpg,group photo
3159.jpg,selfie
3160.jpg,selfie
3162.jpg,selfie
3166.jpg,selfie
3167.jpg,art
3168.jpg,art
3169.jpg,art
317.jpg,fitness
3170.jpg,art
3171.jpg,events
3176.jpg,food
318.jpg,fitness
3182.jpg,events
3183.jpg,events
3186.jpg,selfie
3189.jpg,food
319.jpg,travel
3192.jpg,selfie
3193.jpg,products
3194.jpg,quotes
3195.jpg,art
3197.jpg,selfie
3198.jpg,travel
3199.jpg,fashion
32.jpg,beauty
3201.jpg,selfie
3203.jpg,group photo
3204.jpg,food
3206.jpg,art
321.jpg,fashion
3210.jpg,art
3212.jpg,food
3214.jpg,beauty
3215.jpg,travel
3217.jpg,travel
3218.jpg,lifestyle
3219.jpg,travel
3220.jpg,travel
3223.jpg,fashion
3225.jpg,travel
3226.jpg,art
3227.jpg,products
3229.jpg,selfie
323.jpg,quotes
3230.jpg,travel
3231.jpg,lifestyle
3232.jpg,travel
3233.jpg,travel
3234.jpg,beauty
3235.jpg,events
3236.jpg,fashion
3237.jpg,fashion
3238.jpg,events
3239.jpg,travel
3240.jpg,travel
3241.jpg,fashion
3242.jpg,travel
3243.jpg,fashion
3244.jpg,travel
3245.jpg,fashion
3248.jpg,travel
3249.jpg,travel
3250.jpg,travel
3251.jpg,travel
3252.jpg,travel
3253.jpg,travel
3254.jpg,travel
3255.jpg,travel
3256.jpg,travel
3257.jpg,travel
3258.jpg,fashion
3259.jpg,travel
3260.jpg,travel
3261.jpg,travel
3262.jpg,art
3263.jpg,nature
3265.jpg,art
3266.jpg,events
3268.jpg,fashion
327.jpg,fitness
3270.jpg,selfie
3271.jpg,selfie
3273.jpg,art
3276.jpg,beauty
3278.jpg,beauty
3279.jpg,beauty
328.jpg,beauty
3281.jpg,art
3283.jpg,events
3284.jpg,lifestyle
3285.jpg,travel
3286.jpg,fashion
3287.jpg,beauty
3288.jpg,fashion
3289.jpg,travel
3290.jpg,beauty
3291.jpg,fashion
3292.jpg,travel
3293.jpg,fashion
3294.jpg,beauty
3296.jpg,art
3297.jpg,events
3298.jpg,selfie
3299.jpg,travel
3300.jpg,beauty
3301.jpg,travel
3304.jpg,travel
3305.jpg,fashion
3306.jpg,travel
3308.jpg,travel
3309.jpg,travel
331.jpg,fashion
3310.jpg,travel
3311.jpg,events
3312.jpg,events
3314.jpg,group photo
3315.jpg,art
3316.jpg,art
3317.jpg,art
3321.jpg,selfie
3323.jpg,fashion
3324.jpg,quotes
3327.jpg,selfie
3334.jpg,travel
3335.jpg,quotes
3336.jpg,selfie
3337.jpg,selfie
3338.jpg,selfie
3339.jpg,selfie
334.jpg,group photo
3340.jpg,selfie
3342.jpg,fashion
3343.jpg,selfie
3344.jpg,group photo
3345.jpg,selfie
3347.jpg,travel
3348.jpg,events
3349.jpg,quotes
3350.jpg,quotes
3351.jpg,selfie
3353.jpg,selfie
3357.jpg,selfie
3358.jpg,travel
3359.jpg,group photo
336.jpg,nature
3360.jpg,group photo
3364.jpg,fashion
3365.jpg,fashion
3366.jpg,quotes
337.jpg,group photo
3370.jpg,fashion
3372.jpg,products
3373.jpg,fashion
3377.jpg,events
3380.jpg,fashion
3382.jpg,selfie
3384.jpg,events
3387.jpg,fashion
3390.jpg,travel
3394.jpg,fashion
3396.jpg,fashion
3397.jpg,selfie
34.jpg,fashion
340.jpg,fitness
3401.jpg,selfie
3403.jpg,events
3406.jpg,travel
341.jpg,products
3418.jpg,products
342.jpg,travel
3423.jpg,events
3427.jpg,events
3429.jpg,beauty
343.jpg,fashion
3430.jpg,quotes
3431.jpg,fashion
3432.jpg,products
3433.jpg,travel
3437.jpg,fashion
3439.jpg,art
344.jpg,group photo
3440.jpg,art
3445.jpg,group photo
3448.jpg,fashion
3451.jpg,events
3453.jpg,selfie
3454.jpg,travel
3456.jpg,selfie
3457.jpg,selfie
346.jpg,selfie
3465.jpg,fashion
3467.jpg,fashion
3468.jpg,fashion
347.jpg,group photo
3471.jpg,quotes
3472.jpg,products
3473.jpg,events
3474.jpg,events
3475.jpg,fashion
3476.jpg,events
3479.jpg,products
348.jpg,products
3482.jpg,events
3486.jpg,events
3489.jpg,selfie
3490.jpg,travel
3492.jpg,products
3493.jpg,fashion
3498.jpg,beauty
3499.jpg,group photo
350.jpg,events
3500.jpg,group photo
3502.jpg,travel
3503.jpg,events
3505.jpg,products
3506.jpg,group photo
3507.jpg,travel
3508.jpg,products
351.jpg,selfie
3511.jpg,travel
3512.jpg,travel
3513.jpg,pets
3514.jpg,group photo
3515.jpg,group photo
3518.jpg,nature
3519.jpg,fashion
3522.jpg,group photo
3525.jpg,events
3528.jpg,group photo
353.jpg,products
3531.jpg,fashion
3534.jpg,beauty
3536.jpg,art
354.jpg,beauty
3540.jpg,selfie
355.jpg,fashion
3553.jpg,food
3554.jpg,fashion
3561.jpg,travel
3563.jpg,food
3565.jpg,beauty
3566.jpg,selfie
357.jpg,lifestyle
3570.jpg,travel
3571.jpg,events
3578.jpg,fashion
358.jpg,beauty
3580.jpg,travel
3581.jpg,nature
3582.jpg,beauty
3583.jpg,beauty
3587.jpg,art
359.jpg,fashion
3592.jpg,art
3600.jpg,fashion
3602.jpg,events
3603.jpg,fashion
3605.jpg,travel
3606.jpg,travel
3608.jpg,travel
3611.jpg,fashion
3612.jpg,fashion
3613.jpg,beauty
3615.jpg,fashion
3616.jpg,fashion
3617.jpg,group photo
3619.jpg,fashion
362.jpg,quotes
3620.jpg,fashion
3622.jpg,fashion
3623.jpg,food
3625.jpg,art
3626.jpg,group photo
3628.jpg,travel
3629.jpg,beauty
3630.jpg,beauty
3632.jpg,art
3634.jpg,fashion
3635.jpg,beauty
3637.jpg,selfie
3638.jpg,fashion
3639.jpg,fashion
3640.jpg,fashion
3641.jpg,food
3643.jpg,lifestyle
3644.jpg,fashion
3646.jpg,selfie
365.jpg,beauty
3651.jpg,fashion
3652.jpg,travel
3653.jpg,beauty
3654.jpg,fashion
3655.jpg,selfie
3656.jpg,travel
3659.jpg,products
3665.jpg,fashion
3675.jpg,beauty
3677.jpg,beauty
3678.jpg,fashion
3679.jpg,beauty
3680.jpg,food
3688.jpg,nature
3691.jpg,lifestyle
3694.jpg,fashion
3696.jpg,beauty
37.jpg,group photo
3700.jpg,selfie
3701.jpg,art
3702.jpg,beauty
3719.jpg,nature
372.jpg,fashion
3720.jpg,nature
3726.jpg,beauty
3727.jpg,fashion
3735.jpg,selfie
3736.jpg,beauty
3737.jpg,nature
3744.jpg,quotes
3745.jpg,beauty
3748.jpg,art
3749.jpg,selfie
3751.jpg,art
3752.jpg,beauty
3759.jpg,beauty
376.jpg,quotes
3766.jpg,fashion
377.jpg,lifestyle
3775.jpg,fashion
3784.jpg,selfie
3791.jpg,fashion
3796.jpg,beauty
3801.jpg,beauty
3803.jpg,fashion
3804.jpg,beauty
3805.jpg,fashion
3808.jpg,fashion
3809.jpg,quotes
381.jpg,beauty
3811.jpg,beauty
3812.jpg,beauty
3813.jpg,beauty
3815.jpg,events
382.jpg,events
3820.jpg,quotes
3827.jpg,fitness
3831.jpg,selfie
3833.jpg,nature
3834.jpg,quotes
3835.jpg,nature
3837.jpg,art
3840.jpg,group photo
3842.jpg,quotes
3844.jpg,events
3848.jpg,fashion
3849.jpg,art
385.jpg,art
3850.jpg,art
3851.jpg,art
3852.jpg,art
3853.jpg,art
3854.jpg,fashion
3855.jpg,events
3856.jpg,fashion
3857.jpg,quotes
3859.jpg,events
3860.jpg,events
3861.jpg,art
3863.jpg,art
3864.jpg,art
3865.jpg,art
3866.jpg,art
3867.jpg,art
3868.jpg,art
3869.jpg,art
3870.jpg,products
3871.jpg,art
3872.jpg,events
3873.jpg,events
3875.jpg,art
3876.jpg,selfie
3877.jpg,art
3878.jpg,travel
3879.jpg,beauty
388.jpg,fashion
3880.jpg,art
3881.jpg,art
3882.jpg,products
3883.jpg,art
3884.jpg,art
3885.jpg,art
3886.jpg,beauty
3888.jpg,art
389.jpg,fashion
3893.jpg,events
3894.jpg,art
3895.jpg,art
3897.jpg,art
3898.jpg,art
3899.jpg,art
39.jpg,fashion
3900.jpg,art
3901.jpg,art
3902.jpg,art
3903.jpg,products
3904.jpg,art
3905.jpg,events
3906.jpg,events
3907.jpg,lifestyle
3909.jpg,fashion
3910.jpg,products
3911.jpg,beauty
3912.jpg,events
3913.jpg,art
3914.jpg,art
3915.jpg,events
3916.jpg,art
3917.jpg,events
3918.jpg,events
3919.jpg,art
3923.jpg,food
3924.jpg,products
3925.jpg,fitness
3926.jpg,events
3927.jpg,products
3928.jpg,art
393.jpg,travel
3930.jpg,art
3931.jpg,beauty
3932.jpg,products
3933.jpg,beauty
3934.jpg,fashion
3935.jpg,events
3936.jpg,events
3937.jpg,lifestyle
394.jpg,travel
3941.jpg,beauty
3942.jpg,lifestyle
3943.jpg,art
3946.jpg,food
395.jpg,travel
3959.jpg,art
396.jpg,nature
3963.jpg,fashion
397.jpg,art
3976.jpg,events
398.jpg,fashion
3987.jpg,products
3988.jpg,beauty
3989.jpg,events
399.jpg,fashion
3990.jpg,beauty
3991.jpg,beauty
3992.jpg,beauty
3993.jpg,beauty
3998.jpg,beauty
3999.jpg,beauty
4.jpg,fashion
4000.jpg,beauty
4005.jpg,events
4007.jpg,events
4008.jpg,fashion
4009.jpg,fashion
4011.jpg,travel
4012.jpg,fashion
4013.jpg,fashion
4014.jpg,fashion
4015.jpg,fashion
4016.jpg,events
4018.jpg,art
402.jpg,travel
4020.jpg,fashion
4021.jpg,art
4023.jpg,art
4027.jpg,group photo
4028.jpg,art
4029.jpg,group photo
4033.jpg,group photo
4035.jpg,group photo
4036.jpg,group photo
4037.jpg,group photo
4038.jpg,group photo
404.jpg,travel
4063.jpg,nature
4074.jpg,quotes
4075.jpg,art
4076.jpg,travel
4080.jpg,selfie
4082.jpg,beauty
4084.jpg,beauty
4086.jpg,beauty
4089.jpg,beauty
4090.jpg,fashion
4094.jpg,travel
410.jpg,art
4102.jpg,selfie
4104.jpg,beauty
4105.jpg,beauty
4107.jpg,beauty
411.jpg,beauty
4114.jpg,beauty
412.jpg,art
4122.jpg,art
413.jpg,fashion
415.jpg,beauty
418.jpg,fashion
419.jpg,fashion
42.jpg,events
421.jpg,group photo
422.jpg,beauty
423.jpg,fashion
4233.jpg,travel
4235.jpg,fashion
4237.jpg,food
4239.jpg,lifestyle
424.jpg,fashion
4240.jpg,travel
4243.jpg,travel
4244.jpg,group photo
4245.jpg,products
425.jpg,fashion
4251.jpg,lifestyle
4254.jpg,nature
4256.jpg,quotes
4259.jpg,fashion
426.jpg,fashion
4261.jpg,travel
4265.jpg,food
4266.jpg,beauty
427.jpg,beauty
4271.jpg,art
4272.jpg,beauty
4273.jpg,products
4274.jpg,beauty
4278.jpg,food
4279.jpg,travel
428.jpg,beauty
4282.jpg,quotes
4283.jpg,products
4287.jpg,art
4289.jpg,fashion
429.jpg,selfie
4291.jpg,lifestyle
4293.jpg,selfie
4294.jpg,events
4296.jpg,group photo
4297.jpg,travel
4298.jpg,nature
4299.jpg,art
430.jpg,beauty
4300.jpg,food
4304.jpg,food
4305.jpg,travel
4306.jpg,lifestyle
4307.jpg,travel
4308.jpg,art
4309.jpg,beauty
431.jpg,beauty
4310.jpg,fashion
4311.jpg,art
4312.jpg,events
4313.jpg,travel
4314.jpg,fashion
4315.jpg,fitness
4317.jpg,group photo
4318.jpg,selfie
4320.jpg,fashion
4321.jpg,travel
4322.jpg,travel
4323.jpg,fitness
4324.jpg,selfie
4325.jpg,art
4326.jpg,group photo
4327.jpg,travel
4328.jpg,travel
4329.jpg,selfie
433.jpg,beauty
4331.jpg,fashion
4332.jpg,group photo
4334.jpg,group photo
4335.jpg,art
4336.jpg,events
4339.jpg,events
434.jpg,selfie
4340.jpg,fashion
4342.jpg,pets
4343.jpg,group photo
4344.jpg,travel
4345.jpg,group photo
4346.jpg,group photo
4348.jpg,quotes
4349.jpg,group photo
4350.jpg,fashion
4355.jpg,fashion
4356.jpg,lifestyle
4357.jpg,group photo
4359.jpg,fashion
436.jpg,selfie
4360.jpg,lifestyle
4362.jpg,lifestyle
4363.jpg,art
4364.jpg,art
4366.jpg,events
4367.jpg,art
4368.jpg,selfie
437.jpg,beauty
4370.jpg,art
4371.jpg,selfie
4372.jpg,group photo
4373.jpg,group photo
4374.jpg,selfie
4376.jpg,quotes
4377.jpg,selfie
4378.jpg,group photo
4379.jpg,fashion
4380.jpg,selfie
4382.jpg,selfie
4383.jpg,selfie
4386.jpg,events
4387.jpg,travel
4388.jpg,travel
439.jpg,beauty
4390.jpg,events
4391.jpg,selfie
4392.jpg,travel
4393.jpg,group photo
4394.jpg,selfie
4395.jpg,events
4396.jpg,selfie
4398.jpg,selfie
4400.jpg,art
4401.jpg,travel
4403.jpg,lifestyle
4404.jpg,selfie
4405.jpg,quotes
4406.jpg,travel
4407.jpg,selfie
4408.jpg,group photo
4409.jpg,quotes
441.jpg,beauty
4410.jpg,lifestyle
4411.jpg,pets
4412.jpg,group photo
4414.jpg,fitness
4416.jpg,pets
4417.jpg,travel
4419.jpg,travel
4420.jpg,pets
4425.jpg,group photo
4426.jpg,beauty
4427.jpg,selfie
443.jpg,beauty
4442.jpg,group photo
4444.jpg,selfie
4445.jpg,selfie
4446.jpg,fashion
4447.jpg,fitness
445.jpg,selfie
4450.jpg,fashion
4451.jpg,fashion
4452.jpg,beauty
4453.jpg,group photo
4454.jpg,fashion
4455.jpg,fitness
4456.jpg,fashion
4458.jpg,events
4459.jpg,group photo
446.jpg,beauty
4461.jpg,fashion
4463.jpg,fashion
4464.jpg,beauty
4465.jpg,group photo
4467.jpg,beauty
4468.jpg,fitness
447.jpg,fashion
4470.jpg,fitness
4471.jpg,beauty
4472.jpg,fashion
4473.jpg,beauty
4474.jpg,group photo
4475.jpg,selfie
4476.jpg,selfie
4477.jpg,nature
4478.jpg,beauty
4479.jpg,beauty
448.jpg,events
4480.jpg,fitness
4481.jpg,nature
4482.jpg,selfie
4483.jpg,events
4484.jpg,lifestyle
4485.jpg,fashion
4486.jpg,group photo
4487.jpg,beauty
4489.jpg,beauty
449.jpg,fashion
4490.jpg,fashion
4492.jpg,beauty
4493.jpg,beauty
4496.jpg,beauty
4498.jpg,nature
4499.jpg,fashion
450.jpg,selfie
4500.jpg,selfie
4501.jpg,beauty
4502.jpg,fitness
4503.jpg,beauty
4504.jpg,nature
4505.jpg,selfie
4506.jpg,fashion
4509.jpg,nature
451.jpg,selfie
4510.jpg,beauty
4511.jpg,travel
4513.jpg,selfie
4520.jpg,fashion
4522.jpg,fitness
4523.jpg,beauty
4524.jpg,group photo
4525.jpg,nature
4526.jpg,fitness
4527.jpg,group photo
453.jpg,beauty
4532.jpg,fitness
4533.jpg,beauty
4534.jpg,fashion
4535.jpg,lifestyle
4537.jpg,fashion
4539.jpg,selfie
4540.jpg,events
4541.jpg,fitness
4542.jpg,fitness
455.jpg,fitness
456.jpg,beauty
457.jpg,fashion
461.jpg,fashion
462.jpg,beauty
464.jpg,fashion
4640.jpg,fashion
4641.jpg,fashion
4643.jpg,fashion
4644.jpg,fashion
4645.jpg,fashion
4646.jpg,art
4648.jpg,art
4649.jpg,quotes
465.jpg,group photo
4651.jpg,quotes
4652.jpg,nature
4653.jpg,fashion
4655.jpg,fashion
4656.jpg,lifestyle
4657.jpg,travel
4658.jpg,quotes
466.jpg,selfie
4660.jpg,technology
4661.jpg,art
4662.jpg,art
4663.jpg,fashion
4664.jpg,art
4665.jpg,art
4667.jpg,art
4668.jpg,fashion
4669.jpg,art
4670.jpg,fashion
4672.jpg,beauty
4673.jpg,lifestyle
4675.jpg,technology
4676.jpg,lifestyle
4677.jpg,fashion
4678.jpg,lifestyle
4679.jpg,art
468.jpg,selfie
4680.jpg,fashion
4681.jpg,lifestyle
4682.jpg,art
4683.jpg,art
4685.jpg,fashion
4686.jpg,fashion
4687.jpg,fashion
4691.jpg,fashion
4692.jpg,art
4693.jpg,fashion
4694.jpg,events
4695.jpg,events
4697.jpg,technology
4698.jpg,art
4699.jpg,art
47.jpg,travel
470.jpg,beauty
4700.jpg,technology
4701.jpg,art
4702.jpg,food
4703.jpg,events
4704.jpg,technology
4705.jpg,technology
4706.jpg,art
4707.jpg,art
4708.jpg,fashion
4709.jpg,fashion
471.jpg,selfie
4710.jpg,art
4711.jpg,fashion
4712.jpg,fashion
4713.jpg,art
4714.jpg,art
4715.jpg,fashion
4716.jpg,fashion
4717.jpg,fashion
4718.jpg,products
4719.jpg,events
472.jpg,group photo
4720.jpg,events
4721.jpg,products
4722.jpg,events
4723.jpg,events
4724.jpg,fashion
4726.jpg,products
473.jpg,events
4730.jpg,art
4731.jpg,fashion
4732.jpg,fitness
4733.jpg,technology
4734.jpg,products
4735.jpg,technology
4736.jpg,art
4737.jpg,beauty
4738.jpg,products
4740.jpg,beauty
4741.jpg,beauty
4742.jpg,fashion
4743.jpg,selfie
4744.jpg,selfie
4745.jpg,art
4746.jpg,art
4747.jpg,art
475.jpg,nature
4752.jpg,travel
4753.jpg,fashion
4757.jpg,fashion
4758.jpg,beauty
4759.jpg,food
476.jpg,fashion
4760.jpg,travel
4762.jpg,fashion
4764.jpg,group photo
4767.jpg,art
477.jpg,quotes
4773.jpg,beauty
4774.jpg,beauty
4775.jpg,beauty
478.jpg,selfie
4780.jpg,beauty
4781.jpg,fashion
4785.jpg,food
4787.jpg,products
4788.jpg,selfie
479.jpg,fashion
4793.jpg,beauty
4794.jpg,art
480.jpg,group photo
4801.jpg,products
4802.jpg,beauty
4803.jpg,beauty
4806.jpg,beauty
481.jpg,beauty
4816.jpg,selfie
4818.jpg,pets
482.jpg,selfie
4828.jpg,products
4830.jpg,pets
4837.jpg,events
4838.jpg,products
4839.jpg,events
484.jpg,fashion
485.jpg,fashion
4857.jpg,group photo
486.jpg,group photo
4862.jpg,selfie
4866.jpg,events
4868.jpg,events
487.jpg,fashion
4876.jpg,art
4878.jpg,travel
488.jpg,beauty
4899.jpg,nature
49.jpg,selfie
490.jpg,selfie
4904.jpg,group photo
4905.jpg,group photo
4906.jpg,group photo
492.jpg,fashion
4925.jpg,travel
4926.jpg,fashion
4927.jpg,art
4928.jpg,travel
4929.jpg,art
493.jpg,group photo
4932.jpg,lifestyle
4933.jpg,lifestyle
4935.jpg,lifestyle
4936.jpg,selfie
494.jpg,selfie
4945.jpg,travel
495.jpg,travel
4950.jpg,selfie
4952.jpg,travel
4956.jpg,travel
4959.jpg,fashion
4960.jpg,travel
4963.jpg,nature
4964.jpg,travel
4966.jpg,travel
4968.jpg,travel
4969.jpg,travel
497.jpg,fashion
4970.jpg,nature
4974.jpg,fitness
498.jpg,beauty
4980.jpg,fashion
4981.jpg,quotes
4985.jpg,lifestyle
4988.jpg,quotes
4993.jpg,selfie
4994.jpg,fitness
4995.jpg,quotes
4997.jpg,fitness
500.jpg,group photo
501.jpg,travel
5015.jpg,lifestyle
502.jpg,beauty
5020.jpg,fitness
5022.jpg,selfie
5025.jpg,quotes
503.jpg,beauty
5030.jpg,quotes
5031.jpg,selfie
5034.jpg,quotes
5035.jpg,fitness
5037.jpg,group photo
5040.jpg,art
5041.jpg,quotes
5043.jpg,selfie
5049.jpg,food
5056.jpg,fitness
506.jpg,beauty
5061.jpg,selfie
5063.jpg,quotes
5068.jpg,fitness
5069.jpg,quotes
507.jpg,travel
5076.jpg,technology
508.jpg,quotes
5082.jpg,beauty
5083.jpg,fashion
5087.jpg,products
509.jpg,events
5091.jpg,products
5092.jpg,art
5094.jpg,products
5095.jpg,travel
5096.jpg,products
5097.jpg,selfie
5099.jpg,fashion
510.jpg,group photo
5100.jpg,lifestyle
5101.jpg,travel
5104.jpg,fashion
5106.jpg,products
5107.jpg,group photo
5108.jpg,products
5109.jpg,art
511.jpg,fashion
5110.jpg,products
5111.jpg,travel
5112.jpg,fashion
5113.jpg,beauty
5114.jpg,products
5115.jpg,events
5118.jpg,travel
5119.jpg,fashion
512.jpg,beauty
5120.jpg,lifestyle
5121.jpg,lifestyle
5123.jpg,group photo
5124.jpg,beauty
5125.jpg,group photo
5126.jpg,selfie
5128.jpg,art
513.jpg,fashion
5130.jpg,fashion
5134.jpg,quotes
5137.jpg,selfie
5138.jpg,fashion
5139.jpg,travel
5140.jpg,fashion
5141.jpg,selfie
5142.jpg,nature
5143.jpg,nature
5145.jpg,selfie
5146.jpg,travel
5147.jpg,selfie
5148.jpg,beauty
5149.jpg,selfie
515.jpg,travel
5150.jpg,fashion
5152.jpg,fashion
5153.jpg,beauty
5154.jpg,selfie
5155.jpg,fashion
5156.jpg,quotes
5157.jpg,beauty
5159.jpg,events
5161.jpg,fashion
5162.jpg,fashion
5164.jpg,beauty
5165.jpg,fashion
5168.jpg,selfie
5172.jpg,events
5174.jpg,art
5175.jpg,travel
5176.jpg,travel
5179.jpg,fashion
5183.jpg,products
5185.jpg,fashion
5187.jpg,art
5190.jpg,events
5191.jpg,events
5194.jpg,selfie
5195.jpg,beauty
5198.jpg,art
5201.jpg,quotes
5207.jpg,events
521.jpg,events
5210.jpg,fashion
5211.jpg,art
5212.jpg,art
5213.jpg,group photo
5215.jpg,beauty
5217.jpg,quotes
5218.jpg,art
522.jpg,group photo
5220.jpg,group photo
5222.jpg,selfie
5223.jpg,art
5224.jpg,travel
5226.jpg,group photo
5229.jpg,beauty
5233.jpg,beauty
5235.jpg,food
5236.jpg,art
5240.jpg,events
5241.jpg,group photo
5242.jpg,beauty
5243.jpg,beauty
5245.jpg,travel
5246.jpg,selfie
5248.jpg,selfie
5249.jpg,art
5252.jpg,travel
5258.jpg,travel
5259.jpg,fashion
5260.jpg,events
5264.jpg,fashion
5272.jpg,travel
5274.jpg,beauty
5276.jpg,food
528.jpg,group photo
5280.jpg,fashion
5281.jpg,fashion
5283.jpg,fashion
5284.jpg,travel
529.jpg,group photo
5292.jpg,fashion
5293.jpg,travel
5294.jpg,nature
5295.jpg,travel
5297.jpg,travel
530.jpg,beauty
5301.jpg,food
5302.jpg,fashion
5303.jpg,travel
5305.jpg,travel
5309.jpg,travel
531.jpg,group photo
5312.jpg,travel
5313.jpg,travel
5315.jpg,travel
5318.jpg,travel
5319.jpg,travel
5320.jpg,travel
5324.jpg,travel
5325.jpg,fashion
5326.jpg,art
5327.jpg,travel
5328.jpg,travel
5331.jpg,selfie
5335.jpg,travel
5337.jpg,products
5339.jpg,art
534.jpg,selfie
5340.jpg,group photo
5342.jpg,nature
5343.jpg,travel
5344.jpg,fashion
5347.jpg,quotes
5348.jpg,selfie
535.jpg,group photo
5351.jpg,fitness
5354.jpg,fashion
5361.jpg,beauty
5366.jpg,group photo
5367.jpg,fitness
5368.jpg,beauty
5370.jpg,selfie
5371.jpg,fashion
5375.jpg,quotes
5378.jpg,events
5379.jpg,selfie
5381.jpg,fashion
5383.jpg,fashion
5384.jpg,quotes
5388.jpg,products
539.jpg,selfie
5391.jpg,quotes
5393.jpg,quotes
5400.jpg,beauty
5402.jpg,fashion
5403.jpg,events
5405.jpg,quotes
5407.jpg,travel
5409.jpg,beauty
541.jpg,fashion
5411.jpg,products
5413.jpg,fitness
5417.jpg,events
542.jpg,quotes
5420.jpg,art
5423.jpg,art
5424.jpg,lifestyle
5425.jpg,group photo
5426.jpg,events
5427.jpg,fashion
5428.jpg,fashion
5430.jpg,events
5431.jpg,lifestyle
5432.jpg,pets
5434.jpg,group photo
5437.jpg,group photo
5438.jpg,travel
5439.jpg,travel
544.jpg,lifestyle
5440.jpg,group photo
5441.jpg,beauty
5447.jpg,group photo
5448.jpg,selfie
5449.jpg,fashion
5450.jpg,beauty
5452.jpg,fashion
5454.jpg,quotes
5455.jpg,group photo
5458.jpg,lifestyle
546.jpg,travel
5462.jpg,group photo
5466.jpg,quotes
547.jpg,beauty
5473.jpg,group photo
5476.jpg,events
5477.jpg,quotes
5478.jpg,travel
5479.jpg,group photo
548.jpg,selfie
5482.jpg,products
5488.jpg,travel
5491.jpg,art
5493.jpg,food
5494.jpg,quotes
5496.jpg,art
5497.jpg,group photo
5499.jpg,travel
5500.jpg,products
5503.jpg,technology
5505.jpg,events
5508.jpg,food
5509.jpg,products
5531.jpg,quotes
5532.jpg,group photo
5533.jpg,nature
5539.jpg,food
5541.jpg,travel
555.jpg,group photo
5550.jpg,travel
5554.jpg,events
5562.jpg,nature
5568.jpg,fashion
5571.jpg,fashion
558.jpg,beauty
559.jpg,group photo
5592.jpg,art
5598.jpg,lifestyle
560.jpg,group photo
5605.jpg,travel
5606.jpg,beauty
5608.jpg,beauty
5609.jpg,quotes
561.jpg,group photo
5610.jpg,fitness
5612.jpg,travel
5646.jpg,selfie
5649.jpg,travel
5652.jpg,fashion
5654.jpg,fashion
568.jpg,group photo
569.jpg,group photo
57.jpg,fashion
571.jpg,events
572.jpg,fashion
573.jpg,selfie
5777.jpg,art
5782.jpg,pets
5784.jpg,beauty
5788.jpg,beauty
5798.jpg,fashion
5799.jpg,fashion
580.jpg,group photo
5807.jpg,fashion
581.jpg,selfie
5814.jpg,fashion
5815.jpg,beauty
5816.jpg,selfie
5819.jpg,selfie
582.jpg,group photo
5823.jpg,events
5827.jpg,beauty
583.jpg,group photo
5830.jpg,selfie
5832.jpg,fitness
5833.jpg,beauty
5835.jpg,food
5839.jpg,fashion
584.jpg,selfie
5840.jpg,fashion
5841.jpg,technology
5845.jpg,travel
5846.jpg,fashion
5849.jpg,beauty
585.jpg,group photo
5850.jpg,fashion
5854.jpg,selfie
5857.jpg,beauty
586.jpg,selfie
5861.jpg,travel
5863.jpg,beauty
5865.jpg,quotes
5876.jpg,nature
5877.jpg,fitness
5880.jpg,group photo
5881.jpg,beauty
5886.jpg,travel
5887.jpg,travel
5889.jpg,travel
5891.jpg,fashion
5894.jpg,fitness
5898.jpg,beauty
59.jpg,fashion
590.jpg,selfie
5905.jpg,selfie
5906.jpg,beauty
5909.jpg,beauty
591.jpg,selfie
5912.jpg,beauty
5915.jpg,technology
5916.jpg,events
5917.jpg,beauty
5922.jpg,events
5927.jpg,technology
5930.jpg,travel
5931.jpg,selfie
594.jpg,beauty
5940.jpg,fashion
5942.jpg,selfie
5943.jpg,selfie
5944.jpg,events
5946.jpg,beauty
5947.jpg,art
5948.jpg,travel
5949.jpg,selfie
595.jpg,events
5950.jpg,fashion
5951.jpg,travel
5952.jpg,beauty
5953.jpg,selfie
5956.jpg,selfie
5957.jpg,art
5958.jpg,art
596.jpg,beauty
5960.jpg,selfie
5961.jpg,fashion
5962.jpg,fashion
5963.jpg,fashion
5964.jpg,beauty
5965.jpg,quotes
5966.jpg,beauty
5968.jpg,travel
5969.jpg,selfie
5970.jpg,fashion
5971.jpg,food
5972.jpg,nature
5973.jpg,food
5975.jpg,nature
5978.jpg,events
5979.jpg,travel
598.jpg,fashion
5982.jpg,food
5983.jpg,travel
5985.jpg,group photo
5986.jpg,food
599.jpg,events
5990.jpg,travel
5991.jpg,selfie
5992.jpg,selfie
5993.jpg,food
5997.jpg,beauty
5998.jpg,travel
6.jpg,fashion
600.jpg,events
6000.jpg,travel
6001.jpg,beauty
6003.jpg,selfie
6004.jpg,beauty
6005.jpg,products
6006.jpg,travel
6007.jpg,food
6008.jpg,fashion
6009.jpg,food
601.jpg,selfie
6011.jpg,art
6012.jpg,group photo
6013.jpg,group photo
6014.jpg,selfie
6015.jpg,beauty
6016.jpg,food
6017.jpg,travel
6018.jpg,food
6019.jpg,selfie
6020.jpg,food
6021.jpg,beauty
6022.jpg,selfie
6024.jpg,art
6027.jpg,travel
6028.jpg,art
6029.jpg,beauty
6033.jpg,beauty
6034.jpg,beauty
6037.jpg,beauty
6038.jpg,nature
6039.jpg,beauty
6040.jpg,beauty
6041.jpg,beauty
6043.jpg,beauty
6044.jpg,beauty
6046.jpg,selfie
6047.jpg,events
6048.jpg,selfie
6049.jpg,fashion
605.jpg,selfie
6050.jpg,pets
6051.jpg,fashion
6052.jpg,lifestyle
6053.jpg,fashion
6054.jpg,travel
6057.jpg,beauty
6059.jpg,lifestyle
6061.jpg,selfie
6063.jpg,travel
6064.jpg,fashion
6065.jpg,fashion
6066.jpg,group photo
6067.jpg,events
6068.jpg,group photo
6069.jpg,travel
6070.jpg,selfie
6071.jpg,beauty
6073.jpg,fashion
6081.jpg,fashion
6083.jpg,fashion
6084.jpg,beauty
6086.jpg,selfie
6087.jpg,fashion
6088.jpg,selfie
6089.jpg,travel
6090.jpg,group photo
6091.jpg,selfie
6093.jpg,beauty
6094.jpg,selfie
6095.jpg,art
6096.jpg,lifestyle
6097.jpg,events
6098.jpg,art
6099.jpg,travel
61.jpg,fashion
610.jpg,group photo
6100.jpg,food
6101.jpg,selfie
6102.jpg,nature
6105.jpg,fashion
6107.jpg,events
6108.jpg,fashion
611.jpg,events
6110.jpg,food
6112.jpg,fashion
6114.jpg,travel
6116.jpg,selfie
6117.jpg,selfie
6118.jpg,selfie
6120.jpg,travel
6122.jpg,selfie
6125.jpg,travel
6127.jpg,fashion
6130.jpg,fashion
6132.jpg,group photo
6134.jpg,selfie
6135.jpg,fashion
6137.jpg,selfie
6138.jpg,fashion
6142.jpg,fashion
6143.jpg,beauty
6144.jpg,beauty
6145.jpg,selfie
6146.jpg,selfie
6148.jpg,selfie
6149.jpg,fashion
6151.jpg,food
6152.jpg,events
6159.jpg,pets
6163.jpg,events
6172.jpg,technology
6174.jpg,fashion
618.jpg,group photo
6180.jpg,beauty
6181.jpg,selfie
6186.jpg,products
6187.jpg,events
6188.jpg,nature
6189.jpg,fashion
6190.jpg,events
6192.jpg,group photo
6195.jpg,fitness
6196.jpg,fitness
62.jpg,fashion
620.jpg,quotes
6200.jpg,selfie
6203.jpg,events
6206.jpg,fashion
6207.jpg,events
6208.jpg,events
621.jpg,events
6210.jpg,beauty
6213.jpg,events
6217.jpg,lifestyle
6219.jpg,fashion
6222.jpg,quotes
6224.jpg,beauty
6227.jpg,events
6228.jpg,beauty
6230.jpg,products
6231.jpg,beauty
6233.jpg,beauty
6234.jpg,events
6235.jpg,beauty
6236.jpg,quotes
6237.jpg,beauty
6238.jpg,beauty
6239.jpg,fashion
6241.jpg,beauty
6242.jpg,products
6245.jpg,beauty
6246.jpg,beauty
6247.jpg,lifestyle
6250.jpg,events
6252.jpg,events
6254.jpg,fitness
6255.jpg,events
6258.jpg,fashion
6259.jpg,products
6260.jpg,quotes
6261.jpg,quotes
6263.jpg,art
6265.jpg,travel
6268.jpg,travel
6270.jpg,technology
6272.jpg,events
629.jpg,fitness
6302.jpg,art
6303.jpg,travel
6305.jpg,quotes
6309.jpg,fitness
6310.jpg,group photo
6312.jpg,art
6315.jpg,events
6319.jpg,lifestyle
6320.jpg,quotes
6321.jpg,products
6322.jpg,selfie
6323.jpg,selfie
6325.jpg,events
6328.jpg,quotes
6331.jpg,art
6332.jpg,travel
6333.jpg,events
6335.jpg,art
6337.jpg,events
6338.jpg,selfie
6343.jpg,events
6350.jpg,travel
6351.jpg,nature
6352.jpg,selfie
6353.jpg,selfie
6356.jpg,travel
6361.jpg,group photo
6363.jpg,group photo
6365.jpg,events
6366.jpg,quotes
6368.jpg,events
6369.jpg,events
6370.jpg,events
6371.jpg,events
6372.jpg,events
6373.jpg,technology
6374.jpg,events
6375.jpg,events
6376.jpg,events
6377.jpg,events
6378.jpg,events
6379.jpg,events
638.jpg,fashion
6380.jpg,group photo
6381.jpg,events
6383.jpg,events
6384.jpg,events
64.jpg,lifestyle
641.jpg,fashion
6418.jpg,travel
643.jpg,fashion
6433.jpg,fashion
6439.jpg,beauty
644.jpg,art
6443.jpg,quotes
645.jpg,fashion
6456.jpg,fashion
648.jpg,lifestyle
6496.jpg,group photo
650.jpg,fashion
6505.jpg,fashion
651.jpg,fashion
652.jpg,group photo
6521.jpg,travel
6527.jpg,events
6531.jpg,selfie
6535.jpg,selfie
654.jpg,beauty
6543.jpg,lifestyle
655.jpg,food
656.jpg,art
6564.jpg,fashion
657.jpg,group photo
6571.jpg,fashion
6573.jpg,beauty
6579.jpg,travel
6589.jpg,travel
659.jpg,fashion
6593.jpg,art
6599.jpg,beauty
66.jpg,lifestyle
6608.jpg,quotes
661.jpg,fashion
6611.jpg,quotes
6620.jpg,quotes
6622.jpg,quotes
6628.jpg,quotes
663.jpg,selfie
6631.jpg,events
6633.jpg,quotes
6635.jpg,quotes
6641.jpg,quotes
6642.jpg,fitness
665.jpg,beauty
6650.jpg,events
6651.jpg,quotes
6652.jpg,quotes
6653.jpg,quotes
6656.jpg,quotes
6657.jpg,fitness
6664.jpg,quotes
6668.jpg,fitness
6673.jpg,quotes
6674.jpg,quotes
6678.jpg,quotes
6686.jpg,quotes
6687.jpg,events
6688.jpg,quotes
6692.jpg,events
6694.jpg,quotes
6697.jpg,quotes
6700.jpg,events
6707.jpg,fashion
671.jpg,fashion
6711.jpg,travel
6712.jpg,art
6713.jpg,fashion
6714.jpg,nature
6716.jpg,travel
6717.jpg,travel
6718.jpg,travel
6719.jpg,travel
6721.jpg,beauty
6722.jpg,fitness
6723.jpg,travel
6724.jpg,quotes
6728.jpg,nature
6729.jpg,travel
673.jpg,fashion
6730.jpg,beauty
6731.jpg,products
6734.jpg,fashion
6735.jpg,selfie
6737.jpg,products
6738.jpg,events
6739.jpg,fashion
674.jpg,fashion
6742.jpg,travel
6743.jpg,beauty
6744.jpg,travel
6745.jpg,food
6746.jpg,fashion
6747.jpg,art
6749.jpg,technology
6753.jpg,fashion
6754.jpg,selfie
6757.jpg,selfie
6759.jpg,food
676.jpg,fashion
6760.jpg,nature
6761.jpg,fashion
6765.jpg,travel
6768.jpg,selfie
6770.jpg,beauty
6772.jpg,art
6773.jpg,fashion
6774.jpg,events
6775.jpg,selfie
6776.jpg,events
6777.jpg,fashion
6778.jpg,nature
6779.jpg,events
6782.jpg,travel
6783.jpg,selfie
6784.jpg,selfie
6786.jpg,group photo
6788.jpg,selfie
679.jpg,group photo
6792.jpg,selfie
6793.jpg,travel
6797.jpg,beauty
6800.jpg,fashion
6801.jpg,fashion
6802.jpg,quotes
6804.jpg,selfie
681.jpg,food
6810.jpg,fashion
6821.jpg,art
6828.jpg,art
683.jpg,beauty
6848.jpg,travel
6849.jpg,fitness
6858.jpg,group photo
6864.jpg,fitness
6866.jpg,selfie
6867.jpg,events
6869.jpg,events
687.jpg,travel
6875.jpg,travel
6877.jpg,travel
688.jpg,fashion
6883.jpg,lifestyle
6884.jpg,group photo
6885.jpg,events
69.jpg,travel
690.jpg,fashion
691.jpg,group photo
6910.jpg,products
6912.jpg,quotes
6913.jpg,beauty
6914.jpg,selfie
6916.jpg,quotes
6918.jpg,art
6919.jpg,art
6922.jpg,group photo
6924.jpg,events
6925.jpg,group photo
6926.jpg,group photo
6927.jpg,fashion
693.jpg,fashion
6931.jpg,art
6932.jpg,group photo
6933.jpg,art
6934.jpg,events
6936.jpg,events
6937.jpg,art
6939.jpg,events
6943.jpg,events
6944.jpg,fashion
6945.jpg,fashion
6954.jpg,art
6955.jpg,group photo
6956.jpg,group photo
6957.jpg,group photo
6958.jpg,fashion
6959.jpg,beauty
696.jpg,fashion
6962.jpg,group photo
6963.jpg,beauty
6965.jpg,events
6969.jpg,events
6970.jpg,events
6971.jpg,fashion
6975.jpg,group photo
6976.jpg,fashion
6977.jpg,group photo
6978.jpg,beauty
6979.jpg,beauty
698.jpg,travel
6980.jpg,quotes
6981.jpg,quotes
6982.jpg,beauty
6983.jpg,beauty
6984.jpg,art
6985.jpg,quotes
6986.jpg,quotes
6987.jpg,fitness
6989.jpg,events
699.jpg,fashion
6990.jpg,events
6991.jpg,events
6992.jpg,fashion
6999.jpg,group photo
700.jpg,fashion
7000.jpg,art
7001.jpg,events
7002.jpg,art
7004.jpg,food
7009.jpg,art
7010.jpg,group photo
7011.jpg,beauty
7012.jpg,fashion
7014.jpg,fashion
7015.jpg,fashion
7017.jpg,fashion
7018.jpg,food
702.jpg,travel
7022.jpg,selfie
7024.jpg,selfie
7025.jpg,travel
7026.jpg,fashion
7027.jpg,travel
7030.jpg,selfie
7031.jpg,fashion
7034.jpg,selfie
7036.jpg,fashion
7037.jpg,events
7038.jpg,selfie
7040.jpg,nature
7042.jpg,selfie
7045.jpg,events
7046.jpg,selfie
7047.jpg,selfie
7048.jpg,fashion
7049.jpg,selfie
705.jpg,fashion
7050.jpg,fashion
7051.jpg,selfie
7052.jpg,selfie
7053.jpg,group photo
7055.jpg,fashion
7057.jpg,selfie
7059.jpg,fashion
7060.jpg,travel
7061.jpg,travel
7062.jpg,travel
7064.jpg,art
7065.jpg,selfie
7068.jpg,fashion
7069.jpg,fashion
707.jpg,group photo
7074.jpg,events
7078.jpg,selfie
7080.jpg,selfie
7082.jpg,events
7084.jpg,events
7085.jpg,beauty
7088.jpg,travel
709.jpg,group photo
7091.jpg,fashion
7093.jpg,quotes
71.jpg,fashion
710.jpg,travel
7101.jpg,events
7103.jpg,fashion
7104.jpg,travel
7107.jpg,events
7108.jpg,fashion
7109.jpg,travel
7110.jpg,fashion
7120.jpg,beauty
7121.jpg,quotes
7123.jpg,travel
7124.jpg,group photo
7125.jpg,selfie
7126.jpg,products
7129.jpg,fashion
7130.jpg,lifestyle
7131.jpg,fashion
7132.jpg,fashion
7134.jpg,beauty
7135.jpg,fashion
7136.jpg,group photo
7137.jpg,lifestyle
7138.jpg,beauty
7139.jpg,travel
7143.jpg,fashion
7144.jpg,events
715.jpg,lifestyle
7150.jpg,fashion
7153.jpg,selfie
7156.jpg,lifestyle
7157.jpg,selfie
716.jpg,travel
7160.jpg,fitness
7163.jpg,quotes
7164.jpg,travel
7165.jpg,beauty
7166.jpg,fashion
7168.jpg,fashion
7169.jpg,group photo
717.jpg,travel
7170.jpg,travel
7171.jpg,travel
7172.jpg,fashion
7176.jpg,group photo
7177.jpg,lifestyle
7178.jpg,lifestyle
7179.jpg,travel
7180.jpg,beauty
7181.jpg,beauty
7183.jpg,events
7185.jpg,group photo
7186.jpg,beauty
7187.jpg,travel
7188.jpg,beauty
7189.jpg,events
7190.jpg,events
7193.jpg,events
7198.jpg,quotes
720.jpg,selfie
7200.jpg,fashion
7203.jpg,art
7204.jpg,selfie
7207.jpg,beauty
7213.jpg,lifestyle
7214.jpg,events
7217.jpg,fitness
7218.jpg,lifestyle
7219.jpg,travel
7220.jpg,lifestyle
7221.jpg,lifestyle
723.jpg,fashion
7231.jpg,fashion
7232.jpg,fashion
7234.jpg,events
7235.jpg,beauty
7236.jpg,fashion
7237.jpg,events
7239.jpg,events
724.jpg,beauty
7241.jpg,fashion
7242.jpg,fashion
7243.jpg,fashion
7245.jpg,selfie
7246.jpg,events
7247.jpg,fitness
7248.jpg,events
7249.jpg,events
725.jpg,lifestyle
7251.jpg,lifestyle
7255.jpg,art
7258.jpg,fitness
7259.jpg,selfie
7262.jpg,selfie
7263.jpg,art
7266.jpg,travel
7267.jpg,travel
7268.jpg,fitness
7269.jpg,lifestyle
7270.jpg,art
7271.jpg,fashion
7272.jpg,lifestyle
7273.jpg,art
7274.jpg,selfie
728.jpg,fashion
7281.jpg,lifestyle
7282.jpg,art
7287.jpg,fashion
7289.jpg,selfie
7292.jpg,art
7293.jpg,selfie
7294.jpg,art
7295.jpg,selfie
7298.jpg,technology
7300.jpg,events
7303.jpg,beauty
7305.jpg,selfie
7308.jpg,lifestyle
7309.jpg,selfie
7310.jpg,selfie
7315.jpg,art
7316.jpg,food
7319.jpg,art
7320.jpg,food
7323.jpg,selfie
7325.jpg,art
7326.jpg,fashion
7328.jpg,fitness
7329.jpg,fashion
733.jpg,selfie
7331.jpg,fashion
7333.jpg,fashion
7334.jpg,art
7335.jpg,art
7337.jpg,art
7340.jpg,food
7342.jpg,selfie
7344.jpg,fashion
7345.jpg,travel
7346.jpg,art
7347.jpg,art
7348.jpg,fitness
7349.jpg,art
7350.jpg,fashion
7352.jpg,quotes
7354.jpg,art
7356.jpg,food
7361.jpg,products
7362.jpg,products
7363.jpg,art
7371.jpg,art
7375.jpg,art
7377.jpg,events
7379.jpg,events
7385.jpg,products
7386.jpg,events
7389.jpg,art
7394.jpg,products
7395.jpg,events
7400.jpg,art
7402.jpg,events
7409.jpg,group photo
7411.jpg,art
7416.jpg,art
7419.jpg,group photo
7421.jpg,events
7422.jpg,group photo
7424.jpg,products
7428.jpg,events
743.jpg,selfie
7430.jpg,group photo
7434.jpg,art
7435.jpg,events
7436.jpg,products
7437.jpg,events
7438.jpg,group photo
7439.jpg,art
7441.jpg,art
7443.jpg,pets
7444.jpg,art
7446.jpg,art
7447.jpg,products
745.jpg,beauty
7450.jpg,products
7451.jpg,events
7455.jpg,events
747.jpg,fitness
7483.jpg,group photo
7484.jpg,travel
75.jpg,fashion
7506.jpg,travel
7511.jpg,fashion
7516.jpg,art
7522.jpg,products
7525.jpg,quotes
7529.jpg,travel
7541.jpg,fashion
7542.jpg,events
7550.jpg,events
7553.jpg,travel
7554.jpg,travel
7555.jpg,beauty
7556.jpg,fitness
7562.jpg,selfie
7568.jpg,fashion
7572.jpg,fashion
7574.jpg,beauty
7575.jpg,art
7577.jpg,beauty
7584.jpg,group photo
7586.jpg,beauty
7588.jpg,events
7590.jpg,selfie
7591.jpg,fashion
7594.jpg,selfie
7597.jpg,selfie
76.jpg,lifestyle
7602.jpg,selfie
7605.jpg,travel
7609.jpg,beauty
761.jpg,selfie
7610.jpg,selfie
7611.jpg,beauty
7612.jpg,selfie
7613.jpg,selfie
7616.jpg,selfie
7618.jpg,nature
762.jpg,group photo
7620.jpg,travel
7625.jpg,beauty
7627.jpg,fashion
7629.jpg,fashion
7630.jpg,selfie
7632.jpg,beauty
7635.jpg,selfie
7636.jpg,selfie
7637.jpg,selfie
7638.jpg,events
7641.jpg,travel
7643.jpg,selfie
7645.jpg,fashion
7652.jpg,beauty
7654.jpg,fashion
7657.jpg,fitness
7660.jpg,art
7665.jpg,group photo
7666.jpg,pets
7667.jpg,events
767.jpg,fitness
7673.jpg,nature
7674.jpg,selfie
7680.jpg,events
7683.jpg,nature
7685.jpg,selfie
7687.jpg,events
769.jpg,beauty
7691.jpg,food
7693.jpg,food
7695.jpg,selfie
7696.jpg,fashion
7699.jpg,travel
7700.jpg,group photo
7701.jpg,group photo
7704.jpg,quotes
7705.jpg,group photo
771.jpg,beauty
7710.jpg,lifestyle
7716.jpg,selfie
7721.jpg,group photo
7723.jpg,events
7724.jpg,group photo
7726.jpg,nature
7727.jpg,fashion
773.jpg,selfie
7730.jpg,group photo
7731.jpg,selfie
7733.jpg,selfie
7735.jpg,travel
7736.jpg,selfie
7737.jpg,pets
7738.jpg,fashion
7739.jpg,art
774.jpg,art
7740.jpg,group photo
7741.jpg,events
7742.jpg,events
7743.jpg,art
7744.jpg,fashion
7745.jpg,fashion
7746.jpg,fashion
7747.jpg,travel
7748.jpg,art
7749.jpg,group photo
775.jpg,art
7750.jpg,quotes
7751.jpg,events
7752.jpg,events
7753.jpg,fashion
7754.jpg,fashion
7755.jpg,fashion
7756.jpg,fitness
7757.jpg,art
7758.jpg,fashion
7759.jpg,fashion
7760.jpg,products
7762.jpg,selfie
7772.jpg,lifestyle
7780.jpg,selfie
78.jpg,art
780.jpg,quotes
7832.jpg,travel
7864.jpg,products
7869.jpg,products
7880.jpg,products
7886.jpg,events
7887.jpg,group photo
7888.jpg,food
7890.jpg,group photo
7891.jpg,fashion
7892.jpg,fashion
7897.jpg,group photo
79.jpg,art
7902.jpg,selfie
7904.jpg,products
7906.jpg,events
7907.jpg,events
7908.jpg,events
7912.jpg,group photo
7920.jpg,travel
7929.jpg,fashion
7932.jpg,fashion
7937.jpg,fashion
7939.jpg,events
7941.jpg,fashion
7942.jpg,group photo
7943.jpg,selfie
7946.jpg,events
7953.jpg,events
7964.jpg,products
7965.jpg,travel
797.jpg,beauty
7970.jpg,beauty
7972.jpg,selfie
7976.jpg,art
7978.jpg,fashion
798.jpg,fashion
7988.jpg,fitness
7994.jpg,art
7997.jpg,events
8.jpg,travel
80.jpg,group photo
8014.jpg,selfie
8016.jpg,quotes
8020.jpg,travel
8023.jpg,art
8025.jpg,events
8038.jpg,events
8044.jpg,quotes
8046.jpg,selfie
8057.jpg,quotes
8071.jpg,art
8074.jpg,fashion
8081.jpg,food
8082.jpg,products
8087.jpg,beauty
8091.jpg,food
8093.jpg,fashion
8099.jpg,beauty
81.jpg,group photo
8110.jpg,lifestyle
8111.jpg,lifestyle
8112.jpg,quotes
8116.jpg,art
8117.jpg,art
8118.jpg,selfie
812.jpg,beauty
8121.jpg,events
8122.jpg,fashion
8123.jpg,fashion
8124.jpg,fashion
8128.jpg,fashion
8129.jpg,group photo
8131.jpg,fashion
8134.jpg,events
8142.jpg,lifestyle
8145.jpg,selfie
8148.jpg,food
8150.jpg,beauty
8154.jpg,food
8156.jpg,fashion
8160.jpg,beauty
8176.jpg,events
8179.jpg,food
8181.jpg,fashion
8185.jpg,products
8187.jpg,fashion
8189.jpg,fashion
8192.jpg,lifestyle
8194.jpg,selfie
8195.jpg,art
8197.jpg,travel
82.jpg,fashion
8208.jpg,lifestyle
8228.jpg,art
8258.jpg,events
8265.jpg,group photo
8269.jpg,selfie
8271.jpg,lifestyle
8276.jpg,selfie
8278.jpg,technology
8286.jpg,art
8292.jpg,art
8295.jpg,travel
8296.jpg,technology
8298.jpg,events
8299.jpg,art
8300.jpg,food
8301.jpg,art
8302.jpg,group photo
8303.jpg,products
8304.jpg,events
8306.jpg,fitness
8307.jpg,events
8308.jpg,events
8309.jpg,events
8310.jpg,technology
8311.jpg,art
8317.jpg,art
8323.jpg,events
8325.jpg,events
8328.jpg,technology
833.jpg,beauty
8333.jpg,quotes
8335.jpg,events
8336.jpg,fashion
8340.jpg,travel
8350.jpg,art
8351.jpg,art
8353.jpg,lifestyle
8359.jpg,art
8360.jpg,nature
8367.jpg,travel
8369.jpg,technology
8373.jpg,food
8376.jpg,art
8379.jpg,technology
8381.jpg,fashion
8383.jpg,art
8386.jpg,technology
8389.jpg,travel
839.jpg,technology
8391.jpg,travel
8395.jpg,travel
8398.jpg,pets
8399.jpg,art
840.jpg,fashion
8401.jpg,selfie
8404.jpg,group photo
8415.jpg,quotes
842.jpg,selfie
8421.jpg,events
8423.jpg,quotes
8429.jpg,group photo
843.jpg,selfie
8431.jpg,group photo
8436.jpg,food
8438.jpg,art
8441.jpg,travel
8442.jpg,quotes
8446.jpg,selfie
8449.jpg,selfie
8454.jpg,selfie
8459.jpg,selfie
846.jpg,fashion
8465.jpg,events
8467.jpg,art
8468.jpg,selfie
8469.jpg,selfie
8470.jpg,events
8472.jpg,travel
8479.jpg,products
848.jpg,fashion
8481.jpg,beauty
8485.jpg,group photo
8489.jpg,fashion
849.jpg,fashion
8490.jpg,fashion
8491.jpg,events
850.jpg,selfie
8506.jpg,art
8511.jpg,events
8512.jpg,quotes
8513.jpg,quotes
8514.jpg,quotes
8515.jpg,events
8518.jpg,products
8519.jpg,quotes
8520.jpg,quotes
8521.jpg,quotes
8522.jpg,technology
8524.jpg,products
8525.jpg,events
8526.jpg,products
8528.jpg,pets
853.jpg,fashion
8531.jpg,events
8532.jpg,quotes
8534.jpg,products
8535.jpg,products
8536.jpg,technology
8538.jpg,quotes
854.jpg,fashion
8541.jpg,products
8543.jpg,events
8545.jpg,quotes
8547.jpg,quotes
8550.jpg,products
8551.jpg,products
8553.jpg,quotes
8554.jpg,products
8555.jpg,quotes
8558.jpg,events
856.jpg,fitness
8562.jpg,fitness
8564.jpg,fitness
8565.jpg,lifestyle
8572.jpg,lifestyle
8581.jpg,travel
8586.jpg,events
8589.jpg,events
859.jpg,beauty
8590.jpg,lifestyle
8591.jpg,events
8595.jpg,events
8597.jpg,art
8598.jpg,selfie
860.jpg,events
8600.jpg,lifestyle
8602.jpg,lifestyle
8604.jpg,art
8606.jpg,fitness
8608.jpg,lifestyle
8610.jpg,products
8612.jpg,travel
8617.jpg,lifestyle
862.jpg,events
8625.jpg,travel
8628.jpg,fashion
8630.jpg,art
8631.jpg,art
8635.jpg,art
8636.jpg,art
8638.jpg,events
864.jpg,fashion
8642.jpg,travel
8644.jpg,fitness
8648.jpg,travel
865.jpg,quotes
8654.jpg,lifestyle
8659.jpg,events
8662.jpg,selfie
8668.jpg,art
8676.jpg,selfie
8677.jpg,lifestyle
8678.jpg,fashion
8679.jpg,art
8681.jpg,travel
8684.jpg,art
8687.jpg,art
8688.jpg,selfie
869.jpg,selfie
8691.jpg,pets
8698.jpg,nature
8699.jpg,travel
8700.jpg,art
8706.jpg,quotes
8710.jpg,events
8713.jpg,travel
8716.jpg,travel
8720.jpg,fitness
8721.jpg,travel
8724.jpg,products
8727.jpg,lifestyle
8728.jpg,nature
8733.jpg,travel
874.jpg,art
875.jpg,art
876.jpg,quotes
877.jpg,events
879.jpg,beauty
881.jpg,art
883.jpg,lifestyle
884.jpg,fashion
8846.jpg,events
8850.jpg,products
8857.jpg,events
886.jpg,fashion
887.jpg,fashion
8874.jpg,group photo
8883.jpg,products
8884.jpg,products
8885.jpg,selfie
889.jpg,fashion
8891.jpg,beauty
8892.jpg,travel
890.jpg,events
8904.jpg,beauty
8909.jpg,technology
891.jpg,beauty
8913.jpg,travel
8914.jpg,fashion
8915.jpg,quotes
8918.jpg,lifestyle
892.jpg,events
8921.jpg,art
8929.jpg,events
8932.jpg,beauty
8933.jpg,beauty
8935.jpg,beauty
8936.jpg,beauty
8938.jpg,events
8941.jpg,quotes
8943.jpg,quotes
8946.jpg,group photo
8951.jpg,art
8954.jpg,travel
896.jpg,art
8963.jpg,beauty
8965.jpg,travel
8966.jpg,fashion
8969.jpg,beauty
897.jpg,events
8970.jpg,group photo
8972.jpg,beauty
8973.jpg,fashion
8978.jpg,fashion
8979.jpg,fashion
898.jpg,fashion
8980.jpg,fashion
8981.jpg,beauty
8982.jpg,fashion
8983.jpg,selfie
8987.jpg,beauty
8988.jpg,lifestyle
8990.jpg,lifestyle
8991.jpg,travel
8995.jpg,travel
8996.jpg,art
8997.jpg,group photo
9.jpg,travel
900.jpg,quotes
9001.jpg,beauty
9005.jpg,food
9006.jpg,beauty
9007.jpg,selfie
9008.jpg,beauty
901.jpg,events
9010.jpg,lifestyle
9011.jpg,events
9015.jpg,nature
9016.jpg,selfie
9019.jpg,travel
9020.jpg,travel
9022.jpg,art
9023.jpg,art
9025.jpg,beauty
9026.jpg,group photo
9027.jpg,quotes
9028.jpg,art
9030.jpg,travel
9033.jpg,fashion
9034.jpg,events
904.jpg,fashion
9041.jpg,travel
9042.jpg,travel
9044.jpg,nature
9045.jpg,nature
9046.jpg,beauty
9047.jpg,travel
9048.jpg,beauty
905.jpg,fashion
9050.jpg,beauty
9055.jpg,group photo
9056.jpg,art
9058.jpg,group photo
9059.jpg,beauty
906.jpg,fashion
9061.jpg,beauty
9062.jpg,fashion
9065.jpg,beauty
9066.jpg,beauty
9067.jpg,selfie
9068.jpg,beauty
9069.jpg,art
9070.jpg,lifestyle
9071.jpg,art
9073.jpg,art
9074.jpg,fitness
9076.jpg,art
9077.jpg,fashion
9078.jpg,events
9079.jpg,art
9080.jpg,art
9081.jpg,art
9082.jpg,beauty
9083.jpg,beauty
9084.jpg,fashion
9085.jpg,events
9086.jpg,beauty
909.jpg,events
9090.jpg,selfie
9092.jpg,beauty
9093.jpg,quotes
9094.jpg,beauty
9095.jpg,fitness
9096.jpg,beauty
9098.jpg,art
9099.jpg,art
910.jpg,events
9102.jpg,selfie
9103.jpg,art
9105.jpg,beauty
9106.jpg,beauty
9107.jpg,beauty
9109.jpg,art
911.jpg,selfie
9111.jpg,fashion
9112.jpg,beauty
9113.jpg,selfie
9116.jpg,beauty
9117.jpg,quotes
9118.jpg,beauty
9120.jpg,beauty
9121.jpg,beauty
9123.jpg,beauty
9124.jpg,beauty
9125.jpg,beauty
9126.jpg,events
9127.jpg,beauty
9128.jpg,pets
9130.jpg,beauty
9131.jpg,pets
9132.jpg,food
9133.jpg,food
9134.jpg,fitness
9136.jpg,events
9138.jpg,pets
9139.jpg,art
9140.jpg,events
9141.jpg,products
9142.jpg,events
9144.jpg,fashion
9146.jpg,travel
9148.jpg,beauty
9149.jpg,beauty
9151.jpg,nature
9154.jpg,beauty
9158.jpg,beauty
9160.jpg,beauty
9161.jpg,fashion
9162.jpg,events
9164.jpg,art
9166.jpg,events
9167.jpg,events
9168.jpg,fashion
9169.jpg,fitness
917.jpg,events
9171.jpg,events
9172.jpg,lifestyle
9173.jpg,events
9174.jpg,art
9175.jpg,quotes
9177.jpg,art
9179.jpg,events
9180.jpg,fitness
9181.jpg,quotes
9183.jpg,group photo
9184.jpg,quotes
9185.jpg,events
9186.jpg,art
9187.jpg,food
9189.jpg,quotes
919.jpg,fashion
9190.jpg,group photo
9191.jpg,group photo
9194.jpg,quotes
9195.jpg,beauty
9196.jpg,art
9199.jpg,events
9200.jpg,events
9201.jpg,fitness
9202.jpg,fitness
9204.jpg,quotes
9206.jpg,quotes
9207.jpg,quotes
9209.jpg,quotes
9211.jpg,art
9212.jpg,events
9214.jpg,quotes
9215.jpg,art
9216.jpg,art
9217.jpg,events
9218.jpg,events
922.jpg,beauty
9220.jpg,events
9221.jpg,events
9222.jpg,fashion
9223.jpg,group photo
9224.jpg,quotes
9225.jpg,fitness
9226.jpg,events
9227.jpg,events
9229.jpg,quotes
9230.jpg,quotes
9231.jpg,fitness
9232.jpg,art
9236.jpg,art
9237.jpg,events
9238.jpg,events
9239.jpg,quotes
924.jpg,beauty
9240.jpg,fitness
9242.jpg,fashion
9243.jpg,events
9244.jpg,fashion
9246.jpg,art
9247.jpg,fitness
9248.jpg,group photo
9249.jpg,products
925.jpg,selfie
9250.jpg,art
9251.jpg,products
9252.jpg,art
9253.jpg,events
9254.jpg,events
9257.jpg,fitness
9258.jpg,events
9259.jpg,events
926.jpg,travel
9260.jpg,fitness
9273.jpg,pets
928.jpg,fashion
9292.jpg,pets
9294.jpg,food
93.jpg,art
930.jpg,fashion
9306.jpg,pets
9312.jpg,group photo
9314.jpg,selfie
9318.jpg,events
9319.jpg,fashion
9320.jpg,pets
9325.jpg,group photo
9330.jpg,pets
9336.jpg,group photo
9342.jpg,events
9343.jpg,selfie
9344.jpg,pets
9350.jpg,pets
9352.jpg,food
9357.jpg,group photo
936.jpg,fitness
9369.jpg,events
9370.jpg,travel
9371.jpg,events
9372.jpg,quotes
9373.jpg,quotes
9374.jpg,group photo
9378.jpg,quotes
9379.jpg,group photo
9380.jpg,travel
9382.jpg,selfie
9384.jpg,quotes
9388.jpg,quotes
939.jpg,fashion
9390.jpg,art
9392.jpg,events
9395.jpg,events
9396.jpg,quotes
9398.jpg,quotes
9401.jpg,quotes
9406.jpg,events
9407.jpg,group photo
9409.jpg,events
941.jpg,selfie
9410.jpg,products
9411.jpg,group photo
9412.jpg,events
9413.jpg,quotes
9414.jpg,products
9415.jpg,quotes
9422.jpg,quotes
9425.jpg,events
9426.jpg,quotes
9428.jpg,quotes
9430.jpg,quotes
9431.jpg,quotes
9432.jpg,quotes
9433.jpg,quotes
9434.jpg,events
9435.jpg,quotes
9436.jpg,quotes
9437.jpg,products
9442.jpg,pets
9444.jpg,quotes
946.jpg,events
948.jpg,art
949.jpg,art
950.jpg,lifestyle
951.jpg,selfie
952.jpg,events
953.jpg,art
954.jpg,selfie
955.jpg,food
957.jpg,art
958.jpg,products
959.jpg,events
96.jpg,products
961.jpg,art
962.jpg,products
963.jpg,lifestyle
965.jpg,products
967.jpg,group photo
97.jpg,fashion
971.jpg,beauty
972.jpg,beauty
974.jpg,fashion
975.jpg,events
976.jpg,products
977.jpg,events
978.jpg,art
979.jpg,food
982.jpg,events
983.jpg,fashion
984.jpg,fashion
985.jpg,fashion
986.jpg,lifestyle
987.jpg,beauty
988.jpg,beauty
992.jpg,travel
994.jpg,group photo
995.jpg,group photo
998.jpg,fashion
999.jpg,fashion
